[
  {
    "date": "2016-03-21",
    "value": 0.53
  },
  {
    "date": "2015-11-17",
    "value": 0.2
  },
  {
    "date": "2015-11-01",
    "value": 0.17
  },
  {
    "date": "2015-09-30",
    "value": 0.19
  },
  {
    "date": "2015-09-22",
    "value": 0.18
  },
  {
    "date": "2015-09-14",
    "value": 0.43
  },
  {
    "date": "2015-09-06",
    "value": 0.29
  },
  {
    "date": "2015-08-29",
    "value": 0.11
  },
  {
    "date": "2015-08-21",
    "value": 0.31
  },
  {
    "date": "2015-08-13",
    "value": 0.52
  },
  {
    "date": "2015-08-05",
    "value": 0.84
  },
  {
    "date": "2015-07-28",
    "value": 0.72
  },
  {
    "date": "2015-07-20",
    "value": 0.6
  },
  {
    "date": "2015-07-12",
    "value": 0.26
  },
  {
    "date": "2015-07-04",
    "value": 1.07
  },
  {
    "date": "2015-06-26",
    "value": 0.24
  },
  {
    "date": "2015-06-18",
    "value": 0.69
  },
  {
    "date": "2015-06-10",
    "value": 1.13
  },
  {
    "date": "2015-06-02",
    "value": 0.62
  },
  {
    "date": "2015-05-17",
    "value": 0.46
  },
  {
    "date": "2015-05-09",
    "value": 0.47
  },
  {
    "date": "2015-05-01",
    "value": 0.23
  },
  {
    "date": "2015-03-30",
    "value": 0.3
  },
  {
    "date": "2015-03-22",
    "value": 0.17
  },
  {
    "date": "2015-03-14",
    "value": 0.02
  },
  {
    "date": "2014-10-24",
    "value": 0.07
  },
  {
    "date": "2014-10-16",
    "value": 0.02
  },
  {
    "date": "2014-10-08",
    "value": 0.72
  },
  {
    "date": "2014-09-30",
    "value": 0.29
  },
  {
    "date": "2014-09-22",
    "value": 0.09
  },
  {
    "date": "2014-09-14",
    "value": 0.08
  },
  {
    "date": "2014-09-06",
    "value": 0.65
  },
  {
    "date": "2014-08-29",
    "value": 0.79
  },
  {
    "date": "2014-08-21",
    "value": 1.28
  },
  {
    "date": "2014-08-13",
    "value": 0.19
  },
  {
    "date": "2014-08-05",
    "value": 0.22
  },
  {
    "date": "2014-07-28",
    "value": 0.07
  },
  {
    "date": "2014-07-20",
    "value": 0.47
  },
  {
    "date": "2014-07-04",
    "value": 0.28
  },
  {
    "date": "2014-06-18",
    "value": 1.28
  },
  {
    "date": "2014-06-10",
    "value": 0.89
  },
  {
    "date": "2014-05-17",
    "value": 0.31
  },
  {
    "date": "2014-04-15",
    "value": 0.38
  },
  {
    "date": "2014-04-07",
    "value": 1.15
  },
  {
    "date": "2013-11-25",
    "value": 0.09
  },
  {
    "date": "2013-11-17",
    "value": 0.17
  },
  {
    "date": "2013-10-24",
    "value": 0.21
  },
  {
    "date": "2013-10-16",
    "value": 0.11
  },
  {
    "date": "2013-10-08",
    "value": 0.13
  },
  {
    "date": "2013-09-30",
    "value": 0.37
  },
  {
    "date": "2013-09-22",
    "value": 0.09
  },
  {
    "date": "2013-09-14",
    "value": 0.46
  },
  {
    "date": "2013-09-06",
    "value": 0.13
  },
  {
    "date": "2013-08-29",
    "value": 0.04
  },
  {
    "date": "2013-08-21",
    "value": 0.01
  },
  {
    "date": "2013-08-13",
    "value": 0
  },
  {
    "date": "2013-08-05",
    "value": 0.03
  },
  {
    "date": "2013-07-28",
    "value": 0.04
  },
  {
    "date": "2013-07-20",
    "value": 0.44
  },
  {
    "date": "2013-07-12",
    "value": 0.09
  },
  {
    "date": "2013-07-04",
    "value": 0.07
  },
  {
    "date": "2013-06-26",
    "value": 0.14
  },
  {
    "date": "2013-06-10",
    "value": 0.47
  },
  {
    "date": "2013-06-02",
    "value": 0.41
  },
  {
    "date": "2013-05-17",
    "value": 1.87
  },
  {
    "date": "2013-05-09",
    "value": 0.35
  },
  {
    "date": "2013-04-15",
    "value": 0.65
  },
  {
    "date": "2013-04-07",
    "value": 0.94
  }
]
