{
  "amt-beef": "amt",
  "amt-pork": "amt",
  "amt-lamb": "amt",
  "amt-poultry": "amt",
  "aot-eggs": "aot",
  "aot-dairy": "aot",
  "cer-barley": "cer",
  "cer-maize": "cer",
  "cer-millet": "cer",
  "cer-rice": "cer",
  "cer-sorghum": "cer",
  "cer-wheat": "cer",
  "cer-other_cereals": "cer",
  "r&t-cassava": "r&t",
  "r&t-potato": "r&t",
  "r&t-sweet_potato": "r&t",
  "r&t-yams": "r&t",
  "r&t-other_roots": "r&t",
  "pul-beans": "pul",
  "pul-chickpeas": "pul",
  "pul-cowpeas": "pul",
  "pul-lentils": "pul",
  "pul-pigeonpeas": "pul",
  "pul-other_pulses": "pul",
  "f&v-banana": "f&v",
  "f&v-plantain": "f&v",
  "f&v-tropical_fruit": "f&v",
  "f&v-temperate_fruit": "f&v",
  "f&v-vegetables": "f&v",
  "sgc-sugarcane": "sgc",
  "sgc-sugar_beet": "sgc",
  "sgr-sugar": "sgr",
  "ols-groundnut": "ols",
  "oil-groundnut_oil": "oil",
  "mls-groundnut_meal": "mls",
  "ols-rapeseed": "ols",
  "oil-rapeseed_oil": "oil",
  "mls-rapeseed_meal": "mls",
  "ols-soybean": "ols",
  "oil-soybean_oil": "oil",
  "mls-soybean_meal": "mls",
  "ols-sunflower": "ols",
  "oil-sunflower_oil": "oil",
  "mls-sunflower_meal": "mls",
  "ols-palm_fruit": "ols",
  "oil-palm_fruit_oil": "oil",
  "ols-palm_kernel": "ols",
  "oil-palm_kernel_oil": "oil",
  "mls-palm_kernel_meal": "mls",
  "ols-other_oilseeds": "ols",
  "oil-other_oils": "oil",
  "mls-other_meals": "mls",
  "cot-cacao": "cot",
  "cot-coffee": "cot",
  "cot-cotton": "cot",
  "cot-tea": "cot",
  "cot-other": "cot",
  "for-fodders": "for",
  "for-grass": "for"
}
