[
  {
    "date": "2016-03-25",
    "map_id": "astrodigital.56fc0af3fc500900060df621"
  },
  {
    "date": "2016-02-22",
    "map_id": "astrodigital.56faea895285280006065bfa"
  },
  {
    "date": "2015-12-04",
    "map_id": "astrodigital.56effcd4e5ca8500072391b3"
  },
  {
    "date": "2015-11-02",
    "map_id": "astrodigital.56effcd54936180007240bbc"
  },
  {
    "date": "2015-10-17",
    "map_id": "astrodigital.56effcd4e5ca8500072391bc"
  },
  {
    "date": "2015-10-01",
    "map_id": "astrodigital.56faea8c4936180007065229"
  },
  {
    "date": "2015-09-15",
    "map_id": "astrodigital.56effcd44936180007240bae"
  },
  {
    "date": "2015-08-14",
    "map_id": "astrodigital.56effcd85285280007239b7d"
  },
  {
    "date": "2015-07-29",
    "map_id": "astrodigital.56effcd55285280007239b41"
  },
  {
    "date": "2015-07-13",
    "map_id": "astrodigital.56effcd7e5ca8500072391f5"
  },
  {
    "date": "2015-06-27",
    "map_id": "astrodigital.56effcd9e5ca850007239213"
  },
  {
    "date": "2015-01-18",
    "map_id": "astrodigital.56faea8ffc50090006065f0f"
  },
  {
    "date": "2014-12-17",
    "map_id": "astrodigital.56effcd94936180007240bff"
  },
  {
    "date": "2014-10-30",
    "map_id": "astrodigital.56effcda4936180007240c0b"
  },
  {
    "date": "2014-09-28",
    "map_id": "astrodigital.56effcda5285280007239bc2"
  },
  {
    "date": "2014-07-10",
    "map_id": "astrodigital.56effcdde5ca850007239262"
  },
  {
    "date": "2014-06-24",
    "map_id": "astrodigital.56effcdd5285280007239c00"
  },
  {
    "date": "2013-09-25",
    "map_id": "astrodigital.56effce2fc5009000723b21d"
  }
]
